title,url,日付,note
【 #眠雲ツクリ初配信 】君との思い出、作ってあげる【眠雲ツクリ / ミリプロ】,https://www.youtube.com/live/2UHLDOqb194?si=pRL41CCuRh4xRhl7,2025/5/17,
〖 歌枠 〗あたしのことが知りたいなら歌を聴け 〖 眠雲ツクリ / ミリプロ 〗,https://www.youtube.com/live/ceAlqDW8CwE?si=C6D19trfjzcaEF0w,2025/5/20,
〖 雑談 〗一旦ゆるっと振り返ってみよう 〖 眠雲ツクリ / ミリプロ 〗,https://www.youtube.com/live/oD7wMggSk0M?si=d509AzYgujJznqIy,2025/5/19,
〖 夜廻#1 〗レッツ深夜徘徊 〖 眠雲ツクリ / ミリプロ 〗,https://www.youtube.com/live/kcemnuTsDcU?si=Jyja2R3wSDwvmN38,2025/5/23,
〖 夜廻#2 〗犬にはゲーミング首輪をつけるべき 〖 眠雲ツクリ / ミリプロ 〗,https://www.youtube.com/live/kq8UvS7aDzU?si=XeC4LkByXu-6R0oA,2025/5/24,
〖 The Boba Teashop 〗タピオカ屋はじめました 〖 眠雲ツクリ / ミリプロ 〗,https://www.youtube.com/live/Qi3SMBZJQmY?si=nFvOv0Sms_t54zfZ,2025/5/26,
〖 夜廻#3 〗おばけには優しく 〖 眠雲ツクリ / ミリプロ 〗,https://www.youtube.com/live/M0eVOmZETa8?si=y2ZY_kjW-1wDHNf2,2025/5/28,
〖 縦型歌枠 〗この歌枠は縦型なんだ 〖 眠雲ツクリ / ミリプロ 〗,https://www.youtube.com/live/AJzuJ1BQGFk?si=mmPXBqNZ6FbmuxLB&t=6725,2025/5/30,
〖 #こまつくりーず放送局 〗我らこそこまつくりーず 〖 眠雲ツクリ / 小廻こま / 雨夜リズ 〗,https://www.youtube.com/live/4H_yGOqI5HM?si=VkgW8-FNmYc4_8mD,2025/5/31,
〖 Minecraft 〗新世界をツクるぞ #ミリ鯖 〖 眠雲ツクリ / ミリプロ 〗,https://www.youtube.com/live/Djzj15Egv-I?si=GBIdtS26e8lk0_z5,2025/6/1,
〖 歌枠 〗高評価800いくまで終われま8→2222いってもうた 〖 眠雲ツクリ / ミリプロ 〗,https://www.youtube.com/live/AjiIhR7vnvs?si=_XrnMlFZBnetO1b3,2025/6/3,
〖 R.E.P.O. 〗一攫千金ブラザーズ 〖 眠雲ツクリ / ミリプロ 〗,https://www.youtube.com/live/QktR9IL9YV8?si=pVf_PfChnVC8CaSp,2025/6/5,
〖 歌枠 〗登録者５万人行くまで終われま5 〖 眠雲ツクリ / ミリプロ 〗,https://www.youtube.com/live/u4xILjkPxsk?si=OwhG-0cYTOe8vS2_,2025/6/6,
〖 歌枠 〗収益化ありがとうFOREVER 〖 眠雲ツクリ / ミリプロ 〗,https://www.youtube.com/live/VU-9c7e7F1Y?si=A2cg0IGa6AfTiZGz,2025/6/6,
〖 雑談 〗グッズに落書き（合法） 〖 眠雲ツクリ / ミリプロ 〗,https://www.youtube.com/live/jH3MhaimLuw?si=GTkorRbwHQzhpeeI,2025/6/8,
〖 夜廻#4 〗もう振り返らない 〖 眠雲ツクリ / ミリプロ 〗,https://www.youtube.com/live/LT7TDdtpyw0?si=nV1-6t556QWVELyJ,2025/6/10,
〖 Minecraft 〗新たな架け橋をツクる#ミリ鯖 〖 眠雲ツクリ / ミリプロ 〗,https://www.youtube.com/live/NRyj-K5BJgk?si=Ow-whVEg-yeJnI-y,2025/6/11,